"pizza","pizza"
"baby","baby"
"parsley","parsley"
"lemon","lemon"
"onion","onion"
"red wine","red wine"
"parmesan","parmesan"
"sausage","sausage"
"flour","flour"
"mozzarella","mozzarella"
"olive oil","olive oil"
"kosher salt","kosher salt"
"black pepper","black pepper"
"swiss chard","swiss chard"
"carrots","carrots"
"dill","dill"
"spice","spice"
"lamb","lamb"
"chicken","chicken"
"cornstarch","cornstarch"
"peas","peas"
"egg","egg"
"butter","butter"
"lettuces","lettuces"
"beets","beets"
"tarragon","tarragon"
"garlic","garlic"
"shallot","shallot"
"steak","steak"
"champagne vinegar","champagne vinegar"
"mustard","mustard"
"cheese","cheese"
"walnuts","walnuts"
"mushrooms","mushrooms"
"oyster mushrooms","oyster mushrooms"
"chives","chives"
"breadcrumbs","breadcrumbs"
"truffle","truffle"
"thyme","thyme"
"linguine","linguine"
"white wine","white wine"
"heavy cream","heavy cream"
"boneless skinless chicken breasts","boneless skinless chicken breasts"
"lime","lime"
"sweet onion","sweet onion"
"scallion","scallion"
"thai chile","thai chile"
"soy sauce","soy sauce"
"agave","agave"
"white vinegar","white vinegar"
"naan","naan"
"coconut","coconut"
"canola oil","canola oil"
"romaine","romaine"
"tomatoes","tomatoes"
"mayonnaise","mayonnaise"
"anchovy","anchovy"
"potatoes","potatoes"
"green beans","green beans"
"salmon","salmon"
"herbes de provence","herbes de provence"
"sugar","sugar"
"mustard","mustard"
"red onion","red onion"
"tomato purée","tomato purée"
"harissa","harissa"
"cumin","cumin"
"paprika","paprika"
"za'atar spice blend","za'atar spice blend"
"feta cheese","feta cheese"
"parchment paper","parchment paper"
"white beans","white beans"
"chicken thighs","chicken thighs"
"bay leaf","bay leaf"
"oregano","oregano"
"red pepper","red pepper"
"rosemary","rosemary"
"breadcrumbs","breadcrumbs"
"eggs","eggs"
"cucumber","cucumber"
"red bell pepper","red bell pepper"
"basil","basil"
"oregano","oregano"
"lettuce","lettuce"
"tomato","tomato"
"tilapia","tilapia"
"potato bun","potato bun"
"capers","capers"
"sliced dill pickles","sliced dill pickles"
"dill and parsley","dill and parsley"
"old bay","old bay"
"butternut squash","butternut squash"
"cilantro","cilantro"
"mint","mint"
"ground cardamom","ground cardamom"
"ground cinnamon","ground cinnamon"
"ground ginger","ground ginger"
"ketchup","ketchup"
"breadcrumbs","breadcrumbs"
"ground beef","ground beef"
"nonfat sour cream","nonfat sour cream"
"pea shoots","pea shoots"
"boneless chicken breasts","boneless chicken breasts"
"gruyère cheese","gruyère cheese"
"aluminum tin","aluminum tin"
"jamaican jerk","jamaican jerk"
"quinoa","quinoa"
"pineapple","pineapple"
"apricot preserve","apricot preserve"
"zucchini","zucchini"
"sriracha","sriracha"
"mint, cilantro and parsley","mint, cilantro and parsley"
"avocado","avocado"
"asparagus","asparagus"
"turnip greens","turnip greens"
"sherry vinegar","sherry vinegar"
"honey","honey"
"jasmine rice","jasmine rice"
"sesame seeds","sesame seeds"
"red radishes","red radishes"
"sushi vinegar","sushi vinegar"
"seaweed salad","seaweed salad"
"shrimp","shrimp"
"wasabi paste","wasabi paste"
"ginger","ginger"
"sweet potato","sweet potato"
"dover sole","dover sole"
"sesame oil","sesame oil"
"black sesame seeds","black sesame seeds"
"shichimi togarashi","shichimi togarashi"
"white sesame seeds","white sesame seeds"
"miso paste","miso paste"
"rice wine vinegar","rice wine vinegar"
"rice flour","rice flour"
"fingerling potatoes","fingerling potatoes"
"flounder","flounder"
"red wine vinegar","red wine vinegar"
"brioche buns","brioche buns"
"ground chicken","ground chicken"
"nonfat greek yogurt","nonfat greek yogurt"
"maldon sea salt","maldon sea salt"
"brioche bread","brioche bread"
"curly kale","curly kale"
"parsnip ","parsnip "
"corn","corn"
"baby carrots","baby carrots"
"baby spinach","baby spinach"
"water","water"
"summer squash","summer squash"
"apricots","apricots"
"farro","farro"
"white rice","white rice"
"black beans","black beans"
"oranges","oranges"
"limes","limes"
"scallions","scallions"
"soy sauce","soy sauce"
"avocados","avocados"
"red-skinned potatoes","red-skinned potatoes"
"shallots","shallots"
"cherry tomatoes","cherry tomatoes"
"navel orange","navel orange"
"brussels sprouts","brussels sprouts"
"rosemary","rosemary"
"sage","sage"
"turkey thighs","turkey thighs"
"apricot preserves","apricot preserves"
"ancho chile","ancho chile"
"yellow bell peppers","yellow bell peppers"
"ciabatta rolls","ciabatta rolls"
"orzo","orzo"
"vegetable stock","vegetable stock"
"ruby red trout","ruby red trout"
"pesto","pesto"
"ears corn","ears corn"
"orange bell pepper","orange bell pepper"
"balsamic vinegar","balsamic vinegar"
"mozzarella pearls","mozzarella pearls"
"basmati rice","basmati rice"
"chinese broccoli","chinese broccoli"
"roasted salted peanuts","roasted salted peanuts"
"light brown sugar","light brown sugar"
"apple cider vinegar","apple cider vinegar"
"red quinoa","red quinoa"
"roasted salted almonds","roasted salted almonds"
"burrata","burrata"
"sugar snap peas","sugar snap peas"
"maple syrup","maple syrup"
"ginger","ginger"
"pacific cod","pacific cod"
"mirin","mirin"
"snow peas","snow peas"
"fresh parsley","fresh parsley"
"eggplant","eggplant"
"cayenne pepper","cayenne pepper"
"paprika","paprika"
"tahini","tahini"
"kale","kale"
"sage","sage"
"thyme","thyme"
"milk","milk"
"nutmeg","nutmeg"
"lasagna","lasagna"
"artichoke hearts","artichoke hearts"
"pasta","pasta"
"cream cheese","cream cheese"
"pumpkin ravioli","pumpkin ravioli"
"oregano and parsley","oregano and parsley"
"yukon gold potatoes","yukon gold potatoes"
"castelvetrano olives","castelvetrano olives"
"calamari rings","calamari rings"
"couscous","couscous"
"pine nuts","pine nuts"
"currants","currants"
"tomatoes","tomatoes"
"poblano chile","poblano chile"
"flour tortillas","flour tortillas"
"monterey jack cheese","monterey jack cheese"
"white cheddar cheese","white cheddar cheese"
"diced tomatoes","diced tomatoes"
"dates","dates"
"moroccan couscous","moroccan couscous"
"ground coriander","ground coriander"
"leek","leek"
"red kale","red kale"
"cracked black peppercorns","cracked black peppercorns"
"white wine vinegar","white wine vinegar"
"crumbled goat cheese","crumbled goat cheese"
"smoked salmon","smoked salmon"
"peanuts","peanuts"
"carrots","carrots"
"red cabbage","red cabbage"
"spring mix lettuce","spring mix lettuce"
"boneless pork chops","boneless pork chops"
"baby bok choy","baby bok choy"
"water chestnuts","water chestnuts"
"sticky rice","sticky rice"
"coconut milk","coconut milk"
"peanut butter","peanut butter"
"red curry paste","red curry paste"
"fish sauce","fish sauce"
"raw sugar","raw sugar"
"gochujang","gochujang"
"cara cara orange","cara cara orange"
"bay scallops","bay scallops"
"watercress","watercress"
"fontina cheese","fontina cheese"
"fresh mozzarella","fresh mozzarella"
"yellow bell pepper","yellow bell pepper"
"kalamata olives","kalamata olives"
"provolone","provolone"
"ricotta","ricotta"
"marinara sauce","marinara sauce"
"gnocchi","gnocchi"
"onion","onion"
"ground turmeric","ground turmeric"
"kohlrabi","kohlrabi"
"gala apple","gala apple"
"chipotle","chipotle"
"sourdough bread","sourdough bread"
"pie crust","pie crust"
"dark brown sugar","dark brown sugar"
"vanilla extract","vanilla extract"
"semisweet chocolate chips","semisweet chocolate chips"
"coarse maldon sea salt","coarse maldon sea salt"
"egg","egg"
"ciabatta roll","ciabatta roll"
"russet potato","russet potato"
"clam juice","clam juice"
"demi-baguette","demi-baguette"
"plum tomatoes","plum tomatoes"
"ground nutmeg","ground nutmeg"
"pumpkin purée","pumpkin purée"
"chickpeas","chickpeas"
"hummus","hummus"
"garlic","garlic"
"tomato puree","tomato puree"
"beef stock","beef stock"
"roasted salted cashews","roasted salted cashews"
"chili","chili"
"smoked sea salt","smoked sea salt"
"cheddar cheese","cheddar cheese"
"corn tortillas","corn tortillas"
"head butter lettuce","head butter lettuce"
"hoisin sauce","hoisin sauce"
"fennel","fennel"
"basil","basil"
"fennel seed","fennel seed"
"brown rice","brown rice"
"cashews","cashews"
"broccoli","broccoli"
"shiitake mushrooms","shiitake mushrooms"
"green cabbage","green cabbage"
"thai sweet chili sauce","thai sweet chili sauce"
"jars apricot preserves","jars apricot preserves"
"long life noodles","long life noodles"
"jar marinated artichoke hearts","jar marinated artichoke hearts"
"chipotle paste","chipotle paste"
"queso fresco","queso fresco"
"hazelnuts","hazelnuts"
"baking","baking"
"blueberries","blueberries"
"powdered sugar","powdered sugar"
"sweet potatoes","sweet potatoes"
"cayenne pepper","cayenne pepper"
"rye bread","rye bread"
"cheddar cheese","cheddar cheese"
"mini jars ketchup","mini jars ketchup"
"chives and thyme","chives and thyme"
"puff pastry","puff pastry"
"cod","cod"
"almonds","almonds"
"grapeseed oil","grapeseed oil"
"mustard greens","mustard greens"
"tomato paste","tomato paste"
"d'anjou pear","d'anjou pear"
"white balsamic vinegar","white balsamic vinegar"
"blue cheese","blue cheese"
"chile-lime","chile-lime"
"parsley, thyme and chives","parsley, thyme and chives"
"rainbow carrots","rainbow carrots"
"flour tortilla","flour tortilla"
"dark soy sauce","dark soy sauce"
"head boston lettuce","head boston lettuce"
"carrot","carrot"
"parsnips","parsnips"
"worcestershire sauce","worcestershire sauce"
"bay leaf","bay leaf"
"dry sherry","dry sherry"
"raspberry","raspberry"
"edamame","edamame"
"yellow squash","yellow squash"
"basil fresh","basil fresh"
"greek yogurt","greek yogurt"
"grated pecorino cheese","grated pecorino cheese"
"micro greens","micro greens"
"egg yolk","egg yolk"
"brioche","brioche"
"frisée","frisée"
"gruyère cheese","gruyère cheese"
"white bread","white bread"
"prosciutto","prosciutto"
"cornichon","cornichon"
"porcini mushroom","porcini mushroom"
"mint and parsley","mint and parsley"
"prunes","prunes"
"ras el hanout","ras el hanout"
"flour","flour"
"cholula","cholula"
"brussels sprouts","brussels sprouts"
"yuzu juice","yuzu juice"
"spicy italian sausage","spicy italian sausage"
"orecchiette pasta","orecchiette pasta"
"flat iron steak","flat iron steak"
"tomatillos","tomatillos"
"poblano pepper","poblano pepper"
"red bell peppers","red bell peppers"
"jalapeño","jalapeño"
"creole mustard","creole mustard"
"horseradish","horseradish"
"sour cream","sour cream"
"spaghetti squash","spaghetti squash"
"turkey","turkey"
"black beans","black beans"
"cornmeal","cornmeal"
"baking soda","baking soda"
"cherries","cherries"
"sriracha","sriracha"
"chorizo","chorizo"
"hamburger buns","hamburger buns"
"cavatelli","cavatelli"
"mascarpone","mascarpone"
"sambal oelek","sambal oelek"
"mexican oregano","mexican oregano"
"ground sumac","ground sumac"
"arborio rice","arborio rice"
"collard greens","collard greens"
"stalk celery","stalk celery"
"pumpkin seeds","pumpkin seeds"
"low-fat yogurt","low-fat yogurt"
"jar mayonnaise","jar mayonnaise"
"spinach","spinach"
"mustard","mustard"
"broccolini","broccolini"
"sliced pepperoncini","sliced pepperoncini"
"ciabatta buns","ciabatta buns"
"manchego cheese","manchego cheese"
"roasted piquillo pepper","roasted piquillo pepper"
"red grapes","red grapes"
"curry","curry"
"chobani nonfat greek yogurt","chobani nonfat greek yogurt"
"golden raisins","golden raisins"
"pistachios","pistachios"
"fresh thyme","fresh thyme"
"multicolor cherry tomato","multicolor cherry tomato"
"slivered almonds","slivered almonds"
"quick-cooking grits","quick-cooking grits"
"soy sauce","soy sauce"
"chicken wings","chicken wings"
"tomato","tomato"
"sliced dill pickle","sliced dill pickle"
"yellow cheddar cheese","yellow cheddar cheese"
"dark chocolate","dark chocolate"
"gluten free flour","gluten free flour"
"tarragon, parsley and chives","tarragon, parsley and chives"
"cilantro and mint","cilantro and mint"
"fennel","fennel"
"fettuccine","fettuccine"
"toasted sesame seeds","toasted sesame seeds"
"brie cheese","brie cheese"
"ziti pasta","ziti pasta"
"cauliflower florets","cauliflower florets"
"fire-roasted tomatoes ","fire-roasted tomatoes "
"taco","taco"
"heads boston lettuce","heads boston lettuce"
"broccoli florets","broccoli florets"
"elbows pasta","elbows pasta"
"chives and parsley","chives and parsley"
"almonds","almonds"
"cranberries","cranberries"
"coconut milk","coconut milk"
"condensed milk","condensed milk"
"espresso","espresso"
"coconut oil","coconut oil"
"rigatoni","rigatoni"
"cranberries","cranberries"
"aleppo chile","aleppo chile"
"cinnamon stick","cinnamon stick"
"english muffins","english muffins"
"ground duck","ground duck"
"head broccoli","head broccoli"
"oyster sauce","oyster sauce"
"cubed butternut squash","cubed butternut squash"
"cauliflower","cauliflower"
"granulated sugar","granulated sugar"
"beef","beef"
"fresh mint","fresh mint"
"baby lettuce","baby lettuce"
"fresh chives","fresh chives"
"ancho chili","ancho chili"
"whole milk","whole milk"
"skewer wooden","skewer wooden"
"water + more for skewers and vegetables","water + more for skewers and vegetables"
"celery seed","celery seed"
"pita bread","pita bread"
"onion red medium local","onion red medium local"
"mushrooms cremini local","mushrooms cremini local"
"chipotle pepper in adobo sauce","chipotle pepper in adobo sauce"
"beer","beer"
"ground salmon","ground salmon"
"dill, oregano and parsley","dill, oregano and parsley"
"spring onions","spring onions"
"nicoise olives","nicoise olives"
"vindaloo curry paste","vindaloo curry paste"
"provolone cheese","provolone cheese"
"italian herb blend","italian herb blend"
"chickpea flour","chickpea flour"
"madras curry","madras curry"
"diced green chiles","diced green chiles"
"dill and thyme","dill and thyme"
"jar ketchup","jar ketchup"
"ají panca chile ","ají panca chile "
"lima beans","lima beans"
"wood skewers","wood skewers"
"fresh spaghetti","fresh spaghetti"
"mini marshmallows","mini marshmallows"
"graham-cracker crusts","graham-cracker crusts"
"white button mushrooms","white button mushrooms"
"vegetarian worcestershire sauce","vegetarian worcestershire sauce"
"parsley","parsley"
"tarragon","tarragon"
"cilantro and parsley","cilantro and parsley"
